name,compay,phone,address,Email,title
Raphael Stephenson,Pellentesque Sed Industries,902-6892,Linköping,tempor.erat@justo.org,Vestibulum accumsan
Brent Jacobs,Adipiscing Lobortis Risus LLC,605-4059,Torella del Sannio,Ut.tincidunt.orci@Nulla.ca,In at
Marshall Paul,Et Magnis LLC,1-143-702-0904,Norfolk,ultricies.ligula.Nullam@massaInteger.edu,nec quam.
Xander Evans,Amet Metus Aliquam Corporation,715-1157,Kolhapur,fermentum@lacusMaurisnon.org,ac facilisis
Seth Mccullough,Nam Interdum Incorporated,765-8372,Municipal District,amet@maurissitamet.com,quam. Pellentesque
Gregory Gray,Mi Eleifend Egestas Corporation,1-580-515-0468,West Jordan,a.odio.semper@dui.net,gravida mauris
Hunter Hansen,Pede Ultrices A Industries,151-8389,San Vicente,sociis@lorem.com,"pellentesque, tellus"
Cairo Russo,Mollis Inc.,1-481-855-4327,Betim,fermentum@etrutrum.co.uk,ac orci.
Levi Fields,Consequat Industries,209-3217,Savona,Fusce.mi.lorem@enimnislelementum.edu,molestie arcu.
Hiram Dorsey,Etiam Institute,1-477-641-3291,Tranås,lacus.Quisque.purus@tellusPhaselluselit.org,mollis lectus
Josiah Morgan,Venenatis A Associates,796-5093,Sepino,Nunc.lectus.pede@libero.co.uk,magna. Duis
Herman Mcneil,Eget Volutpat Ornare Industries,1-331-137-9892,Vejano,consectetuer@imperdietnon.co.uk,magna a
Finn Arnold,Tempus Lorem Consulting,1-323-461-0360,Couture-Saint-Germain,nulla.vulputate.dui@eueuismodac.co.uk,justo. Proin
Reece Black,Turpis Non Enim Corp.,159-8680,Warren,neque@egestas.org,"enim, sit"
Samson Strong,Rutrum Magna Cras Incorporated,1-447-456-9152,Wijshagen,enim@semper.net,hendrerit. Donec
Dexter Kemp,At LLC,1-389-349-6521,Zeveneken,amet.ante@sit.com,"mi pede,"
Xanthus Morris,Aliquet LLP,1-347-913-3330,Lethbridge,urna@ligulaAliquam.net,libero at
Eric Baker,Dolor Tempus LLP,1-542-797-7907,Rancagua,massa.Integer@imperdietullamcorperDuis.co.uk,et nunc.
Keane Kline,Quis Lectus Nullam Inc.,599-3997,Ladispoli,sem.eget@Aliquam.com,eget varius
Porter Solis,Quam Corp.,726-4474,Kalgoorlie-Boulder,dapibus@Aeneansed.org,Suspendisse ac
Melvin Kent,Ante Dictum Mi Industries,954-2253,Craco,non@risusquisdiam.ca,litora torquent
Nathaniel Wyatt,Porttitor Tellus LLP,1-817-936-4899,Arviat,Nullam.feugiat.placerat@facilisisfacilisismagna.ca,eu elit.
Hasad Oliver,Turpis In Condimentum Inc.,598-5939,Parbhani,lacus.Ut@disparturient.co.uk,"egestas a,"
Christian Duffy,Pellentesque Tellus Sem LLC,1-937-477-0002,Sawahlunto,Nulla@sitamet.co.uk,Cum sociis
Dieter Wilkerson,Malesuada Malesuada LLP,1-727-455-2129,Banjarmasin,convallis.erat@sollicitudinorci.net,rutrum lorem
Acton Montgomery,Velit Egestas Lacinia Incorporated,1-829-423-1508,Racine,eu@semutcursus.co.uk,eleifend egestas.
Wayne Mcfadden,Lobortis Incorporated,1-417-925-5620,Peñaflor,nulla.Integer@arcu.org,ante dictum
Melvin Marshall,Porttitor Interdum Ltd,1-180-819-7859,Rzeszów,commodo.auctor@vitaesodalesnisi.net,"purus sapien,"
Solomon Jarvis,In Industries,1-660-818-1703,Terni,vestibulum.neque.sed@Nuncsed.com,"est, vitae"
Driscoll Roach,Ultrices Posuere Corporation,191-4943,Aisemont,at.sem@ut.com,"lorem lorem,"
Conan Conway,Sagittis Company,1-378-623-0000,Jaranwala,fermentum@dolorDonec.ca,"velit dui,"
Arden Robertson,Nibh Industries,1-972-171-3166,Navojoa,convallis@Cum.org,mollis. Phasellus
Eric Gutierrez,Vitae Mauris Sit PC,1-407-837-8947,Northampton,lorem.vitae.odio@ut.co.uk,est. Nunc
Cadman Monroe,Suspendisse Dui LLP,854-6976,Monghidoro,congue@purusinmolestie.com,in lobortis
Stone Cobb,Dictum Inc.,805-2666,Schagen,Aenean.massa.Integer@metusvitae.co.uk,"adipiscing non,"
Jason Berry,Accumsan Interdum Consulting,1-953-918-5113,Melilla,Aliquam.fringilla.cursus@tinciduntvehicularisus.co.uk,sed consequat
Peter Herrera,Luctus Sit Amet Incorporated,1-112-303-0574,Sint-Joost-ten-Node,felis@Nunc.co.uk,Aliquam nisl.
Neil Walsh,Et Institute,425-6301,Portree,fringilla.mi.lacinia@estconguea.ca,"vulputate, risus"
Laith Barrera,Semper Rutrum Fusce Institute,1-747-216-0299,Meduno,quam@velquamdignissim.edu,tincidunt tempus
Otto Delgado,Id Company,1-615-667-6551,Yuryuzan,mauris.ipsum@Curabiturvellectus.net,arcu et
Kamal Terry,Pede Nec Corp.,241-3957,VTM,Duis@auctorvelit.net,Cras sed
Baxter Rosa,In Consectetuer Ipsum Corporation,1-479-443-9105,Falmouth,dignissim.magna.a@nec.edu,"est, vitae"
Zachary Velasquez,Quis Turpis Inc.,1-360-841-2584,Hamme,ornare.libero@egetmetuseu.co.uk,ipsum non
Fuller Osborne,Blandit At Nisi LLC,352-8473,Saint John,est.congue.a@egestaslaciniaSed.edu,ante. Vivamus
Brock Nichols,Amet Nulla Corporation,1-680-625-4899,Castel San Niccolò,eget.laoreet@convallisantelectus.com,adipiscing. Mauris
Jack Allison,Eget Metus Company,1-885-633-9367,Jamoigne,Proin.sed.turpis@esttemporbibendum.co.uk,"at, velit."
Stuart Wilkerson,Odio Semper Incorporated,1-991-268-3410,Baltasound,Nunc.sed.orci@augue.co.uk,tellus sem
Ryan Donaldson,Mattis Cras Eget Industries,1-977-778-6086,Dortmund,amet.ultricies@sedsemegestas.edu,"Nulla tincidunt,"
Rogan Vang,Morbi Metus Vivamus Consulting,611-0946,Malle,semper.erat@Integervulputate.org,"vel, faucibus"
Valentine Watson,Dui Nec Urna LLP,816-7503,Krasnaya Yaruga,sapien@NullafacilisiSed.co.uk,nascetur ridiculus
Vincent Brooks,Sed PC,793-7179,Quinchao,dictum.eleifend@ametmetusAliquam.co.uk,lorem eu
Ferris Chavez,In Condimentum Donec Limited,359-2117,Ch‰telineau,vitae.dolor.Donec@tempus.org,"quis, pede."
Beck Haney,Consequat Purus LLP,1-104-258-7811,Penna San Giovanni,tincidunt.dui.augue@enimSednulla.net,"at, velit."
Jonas Avery,Nulla Corp.,803-2867,Pointe-au-Pic,eu@parturient.ca,"ultrices, mauris"
Nasim Hayden,Praesent Eu Nulla LLP,386-8669,Hattiesburg,malesuada.fames@nislNullaeu.org,Aliquam ultrices
Bernard Dillard,Donec Institute,548-5706,Fort Laird,et.magna@sed.co.uk,"ultricies ornare,"
Uriah Robbins,Est Ac Corporation,242-7795,Gaziantep,consectetuer.euismod@Morbivehicula.org,eu odio
Hasad Barrett,Vivamus Euismod Urna LLC,249-1343,Diamer,Integer.sem.elit@nunc.org,in sodales
Kareem Schneider,Egestas LLC,401-6597,Dover,nunc.In@ac.org,et netus
Kibo Mitchell,Accumsan Company,233-9434,Fürstenwalde,primis@at.net,egestas ligula.
Brady Hicks,Ornare Inc.,138-2671,Ozyory,in.cursus.et@libero.com,"purus, accumsan"
Stone Macdonald,Praesent Interdum Ligula Consulting,1-529-769-3436,Mitú,molestie.Sed@molestietellusAenean.org,lobortis ultrices.
Ethan Morrison,Arcu LLP,1-769-212-9200,Palencia,augue.malesuada.malesuada@estacfacilisis.co.uk,sapien. Nunc
Chadwick Osborne,Fringilla Ornare Placerat Limited,1-660-171-9200,Biarritz,ac.fermentum@consequat.org,ac mattis
Amery Stephens,Velit Incorporated,599-1762,Belém,non@eu.ca,magna a
Raja Warner,Fames Ac Incorporated,809-0824,Zoerle-Parwijs,aliquet.Proin@nuncrisusvarius.ca,"condimentum eget,"
Omar Delgado,Id Ante Nunc Inc.,1-127-634-5163,Brunn am Gebirge,nisl.Quisque.fringilla@at.ca,ante. Vivamus
Fulton Larson,Fames Ac Ltd,149-2309,Bajardo,tempor.erat.neque@dapibusidblandit.net,"et, magna."
Dante Harrison,Placerat Company,846-8456,Sint-Laureins-Berchem,augue.Sed@necmollisvitae.com,arcu imperdiet
Mark Knox,Nisl Elementum Corp.,1-730-861-2388,Cañete,eget.ipsum@quam.co.uk,eleifend egestas.
Murphy Love,Dolor Incorporated,1-177-731-8709,Olathe,Aliquam@aliquet.org,Fusce dolor
Ashton Cannon,A Facilisis Non Industries,1-209-890-7288,Sierra Gorda,semper.auctor.Mauris@dictumplacerat.com,sagittis semper.
Kato Gould,Massa Integer Vitae PC,1-985-176-1761,Huntly,porttitor@elitAliquam.org,"vitae, sodales"
Garrett Blankenship,Cras Sed Leo Corporation,1-929-161-1762,Kitimat,magna@fringillaDonecfeugiat.co.uk,"orci, consectetuer"
Cedric Delacruz,Blandit Limited,1-589-542-3130,Gillette,purus@consectetuer.co.uk,felis eget
Jeremy Patton,Ipsum Dolor Inc.,1-671-913-4557,Melle,diam.Sed.diam@luctussit.com,nibh sit
Lev Estrada,Euismod Associates,932-8469,Solre-sur-Sambre,eu.turpis@tellusfaucibusleo.ca,erat nonummy
Raja Leonard,Sem Molestie Sodales LLC,1-357-236-6908,Curacautín,sit.amet@cursusetmagna.net,nisi a
Jackson Soto,Sodales LLP,1-265-327-9616,Casina,ipsum.dolor.sit@elitfermentumrisus.ca,purus. Maecenas
Quinn Roberts,Quam Vel Ltd,1-689-910-1657,Herfelingen,ipsum.leo.elementum@Donectemporest.org,enim. Mauris
Felix Mcleod,Integer Industries,1-880-979-0748,Bowden,non@nibh.com,Curabitur dictum.
Linus Holcomb,Id Enim Curabitur LLC,1-592-793-5147,Whitehaven,purus.Nullam@montesnascetur.com,"lorem, sit"
Lars Cunningham,Euismod Est Arcu PC,1-324-169-7010,Dijon,consectetuer.mauris@Aliquamtincidunt.ca,vehicula aliquet
Macaulay Chen,Nulla Facilisis PC,1-883-281-4749,Uberaba,Cras@natoque.com,"tincidunt, nunc"
Isaiah Bright,Fringilla LLC,450-8120,Segni,a@libero.ca,Mauris nulla.
Uriel Vance,Nulla Dignissim Institute,116-4023,Steenhuffel,lorem.ut.aliquam@odio.net,Fusce fermentum
Raja Harding,Amet Orci Incorporated,882-1362,San Sebastiano al Vesuvio,montes.nascetur.ridiculus@aduiCras.co.uk,Duis mi
Leroy Santana,Quam Pellentesque Limited,1-388-778-9274,Vliermaalroot,aptent.taciti@acfacilisis.org,ante bibendum
Flynn Mcdonald,Quis Industries,828-1759,Cwmbran,gravida.nunc.sed@acorci.ca,odio a
Lionel Pena,Sollicitudin Adipiscing Ligula Corp.,1-395-210-7667,Palmariggi,ante@amet.co.uk,id ante
Victor Nolan,Lacinia Sed Congue Foundation,937-4008,Boise,ipsum.dolor.sit@imperdiet.com,libero nec
Dale Santos,Felis Company,155-1810,Radicofani,eget@pellentesqueegetdictum.com,dolor. Quisque
Branden Short,Sodales Mauris Blandit Ltd,775-9705,Modena,In.scelerisque.scelerisque@nonummy.ca,nec quam.
Mannix Santos,Dictum Augue Company,1-223-842-3032,Feldkirch,aliquet.Proin.velit@tincidunt.ca,felis. Nulla
Levi Hopkins,Eu Inc.,1-884-702-2203,Tarragona,pede.nonummy@montes.net,eget metus
Kermit Bradford,Auctor Institute,1-596-207-3622,Bazzano,mi@lectuspede.edu,"vestibulum, neque"
Ashton Stuart,Curae; LLC,1-794-596-7606,Jambi,arcu@sedestNunc.org,Duis ac
Basil Dale,Facilisis Magna Associates,1-534-193-5837,Ingelheim,lacinia@vulputatelacusCras.edu,"dictum eu,"
